{
 "templeR0013": [
  [
   0.9999999980543895,
   -6.182408955277996e-05,
   -8.306796885021591e-06,
   1.0917388567881074e-06
  ],
  [
   6.182388434582073e-05,
   0.9999999977838219,
   -2.4701486194760846e-05,
   -1.9898691357568436e-06
  ],
  [
   8.308324013526644e-06,
   2.470097258824481e-05,
   0.9999999996604169,
   -1.1492911807247244e-05
  ]
 ],
 "templeR0042": [
  [
   -0.9998470379537349,
   -0.009192063632930753,
   0.014879739961122837,
   0.018591536607890757
  ],
  [
   0.010130383391104641,
   -0.9978814593930532,
   0.06426482966553006,
   -0.9990698770128054
  ],
  [
   0.01425749022414938,
   0.06440573705624765,
   0.9978219405318511,
   0.039030463398955335
  ]
 ],
 "templeR0044": [
  [
   -0.9991478394426337,
   -0.04042209784902894,
   0.008345594202967882,
   0.09286156486577343
  ],
  [
   0.0406722346678487,
   -0.9298103170399525,
   0.36578483245370685,
   -4.520637363387125
  ],
  [
   -0.007025970697386036,
   0.3658125590128727,
   0.9306620264114215,
   0.7137085921295276
  ]
 ],
 "templeR0032": [
  [
   -0.9846087680460719,
   0.06666050051366552,
   0.16156098402171326,
   -1.6164307850702664
  ],
  [
   0.08058719270437899,
   -0.6471098882611968,
   0.7581256471631921,
   -9.073945833590141
  ],
  [
   0.15508474540980483,
   0.7594769056303483,
   0.6317780872706226,
   4.0283419898563695
  ]
 ],
 "templeR0034": [
  [
   -0.9825520348339172,
   0.06378316666954237,
   0.17470891932965057,
   -1.7693535014115458
  ],
  [
   0.1124209804535862,
   -0.5446535873525524,
   0.8310920484145243,
   -9.963193883806664
  ],
  [
   0.14816552229713684,
   0.8362321313090051,
   0.5279799243994187,
   5.167143349454732
  ]
 ],
 "templeR0036": [
  [
   -0.9840922105868914,
   0.01827219136339038,
   0.17671629264158148,
   -1.8161414076465534
  ],
  [
   0.158373535591751,
   -0.3604898334578589,
   0.9192197252005059,
   -11.00619797503724
  ],
  [
   0.08050058562752074,
   0.9325841554499545,
   0.35186140555241585,
   7.369880859027641
  ]
 ],
 "templeR0038": [
  [
   -0.9809971801971572,
   -0.005792287320873862,
   0.19393550952009486,
   -2.0321670150577615
  ],
  [
   0.1934441754425127,
   -0.10628362795920754,
   0.9753374500218861,
   -11.635250334386146
  ],
  [
   0.014962734796577934,
   0.9943189829402943,
   0.10538442357381894,
   10.27269276374531
  ]
 ],
 "templeR0015": [
  [
   0.9991063465078981,
   -0.041482378984944245,
   -0.008106824371444879,
   0.08781290385706551
  ],
  [
   0.041975824455616546,
   0.9513208758325633,
   0.3053303479289864,
   -3.58684805400739
  ],
  [
   -0.0049536379471314,
   -0.3053977790340232,
   0.9522119816680394,
   0.5016801102204425
  ]
 ],
 "templeR0017": [
  [
   0.9965879213555351,
   -0.0801059822262667,
   -0.019888353874040886,
   0.22417242706735127
  ],
  [
   0.07769842677007137,
   0.8292144121817169,
   0.5535037606986837,
   -6.51866027807438
  ],
  [
   -0.027847252749775758,
   -0.553160456144232,
   0.8326091761880813,
   1.8570665659392422
  ]
 ],
 "templeR0019": [
  [
   0.9880820069988112,
   -0.15361376357930126,
   -0.009836619551656788,
   0.12716605895377878
  ],
  [
   0.10792379627660818,
   0.6457922703001577,
   0.7558470730364795,
   -8.919714117016056
  ],
  [
   -0.10975610070718925,
   -0.7479004982346051,
   0.6546743030683141,
   3.8636305915826314
  ]
 ],
 "templeR0021": [
  [
   0.987019883751749,
   -0.14901984194522638,
   -0.05987349818828904,
   0.700319614375082
  ],
  [
   0.12336407923606137,
   0.46482150221240726,
   0.8767680850916276,
   -10.391952137673634
  ],
  [
   -0.10282535209238075,
   -0.8727737723990224,
   0.47717176066847994,
   5.990158118894302
  ]
 ]
}